<?xml version="1.0" encoding="utf-8"?>
<grammar xml:lang="en-US" version="1.0" root="root"
	xmlns="http://www.w3.org/2001/06/grammar" xmlns:xsi="http://www.w3.org/2001/XMLSchema-instance"
	xsi:schemaLocation="http://www.w3.org/2001/06/grammar http://www.iristk.net/xml/srgs.xsd" tag-format="semantics/1.0">

  <rule id="root" scope="public">	
      <one-of>
  		<item>
  			<item repeat="0-1">
  				<one-of>
  					<item>i think it might be</item>
  					<item>my guess is</item>
  				</one-of>
  			</item>
  			<ruleref uri="#number"/><tag>out.number=rules.number</tag>
  		</item>
  		<item>yes<tag>out.yes=1</tag></item>
   		<item>no<tag>out.no=1</tag></item>
      </one-of>
  </rule>
  
  <rule id="number">
	  <one-of>
          <item>one<tag>out=1</tag></item>
          <item>two<tag>out=2</tag></item>
          <item>three<tag>out=3</tag></item>
          <item>four<tag>out=4</tag></item>
          <item>five<tag>out=5</tag></item>
          <item>six<tag>out=6</tag></item>
          <item>seven<tag>out=7</tag></item>
          <item>eight<tag>out=8</tag></item>
          <item>nine<tag>out=9</tag></item>
          <item>ten<tag>out=10</tag></item>
      </one-of>
  </rule>
  
</grammar>
